-- phpMyAdmin SQL Dump
-- version 4.8.5
-- https://www.phpmyadmin.net/
--
-- 主機： 127.0.0.1
-- 產生時間： 2020-01-30 13:38:19
-- 伺服器版本： 10.1.40-MariaDB
-- PHP 版本： 7.3.5

SET SQL_MODE = "NO_AUTO_VALUE_ON_ZERO";
SET AUTOCOMMIT = 0;
START TRANSACTION;
SET time_zone = "+00:00";


/*!40101 SET @OLD_CHARACTER_SET_CLIENT=@@CHARACTER_SET_CLIENT */;
/*!40101 SET @OLD_CHARACTER_SET_RESULTS=@@CHARACTER_SET_RESULTS */;
/*!40101 SET @OLD_COLLATION_CONNECTION=@@COLLATION_CONNECTION */;
/*!40101 SET NAMES utf8mb4 */;

--
-- 資料庫： `wfcss`
--

-- --------------------------------------------------------

--
-- 資料表結構 `clubs`
--

CREATE TABLE `clubs` (
  `id` int(255) NOT NULL,
  `name` varchar(256) COLLATE utf8_unicode_ci NOT NULL,
  `teacher` varchar(256) COLLATE utf8_unicode_ci NOT NULL,
  `grade` int(8) NOT NULL,
  `isSpecial` tinyint(1) NOT NULL,
  `sort_id` int(11) NOT NULL
) ENGINE=InnoDB DEFAULT CHARSET=utf8 COLLATE=utf8_unicode_ci;

--
-- 傾印資料表的資料 `clubs`
--

INSERT INTO `clubs` (`id`, `name`, `teacher`, `grade`, `isSpecial`, `sort_id`) VALUES
(1104, '微電影', '王大明', 1, 1, 4),
(1106, '國樂', 'A', 1, 1, 13),
(1202, '桌遊', 'C', 1, 0, 2),
(1203, '籃球', 'D', 1, 0, 3),
(1205, '園藝', '廖啟宏', 1, 0, 5),
(1207, '測試1', '測試1', 1, 0, 15),
(1208, '測試2', '測試2', 1, 0, 16),
(1209, '測試3', '測試3', 1, 0, 17),
(2101, '國樂', 'A', 2, 1, 7),
(2104, '合唱', 'GGGGGG', 2, 1, 10),
(2105, '花棒', 'B', 2, 1, 11),
(2202, '魔球', 'E', 2, 0, 8),
(2203, '烏克麗麗', 'F', 2, 0, 9),
(2206, '園藝', '廖啟宏', 2, 0, 14),
(2207, '測試1', '測試1', 2, 0, 18),
(2208, '測試2', '測試2', 2, 0, 19),
(2209, '測試3', '測試3', 2, 0, 20);

-- --------------------------------------------------------

--
-- 資料表結構 `result`
--

CREATE TABLE `result` (
  `sid` int(255) NOT NULL,
  `cid` int(255) NOT NULL
) ENGINE=InnoDB DEFAULT CHARSET=utf8 COLLATE=utf8_unicode_ci;

-- --------------------------------------------------------

--
-- 資料表結構 `selected`
--

CREATE TABLE `selected` (
  `class` int(255) NOT NULL
) ENGINE=InnoDB DEFAULT CHARSET=utf8 COLLATE=utf8_unicode_ci;

--
-- 傾印資料表的資料 `selected`
--

INSERT INTO `selected` (`class`) VALUES
(101),
(102),
(103),
(201),
(202),
(203);

-- --------------------------------------------------------

--
-- 資料表結構 `selects`
--

CREATE TABLE `selects` (
  `sid` int(255) NOT NULL,
  `definite` int(255) NOT NULL,
  `alternate1` int(255) NOT NULL,
  `alternate2` int(255) NOT NULL,
  `alternate3` int(255) NOT NULL
) ENGINE=InnoDB DEFAULT CHARSET=utf8 COLLATE=utf8_unicode_ci;

--
-- 傾印資料表的資料 `selects`
--

INSERT INTO `selects` (`sid`, `definite`, `alternate1`, `alternate2`, `alternate3`) VALUES
(60101, 2101, 0, 0, 0),
(60102, 2104, 0, 0, 0),
(60103, 2105, 0, 0, 0),
(60104, 2101, 0, 0, 0),
(60105, 2104, 0, 0, 0),
(60106, 2105, 0, 0, 0),
(60107, 2202, 0, 0, 0),
(60108, 2203, 0, 0, 0),
(60109, 2206, 0, 0, 0),
(60110, 2207, 0, 0, 0),
(60111, 2208, 0, 0, 0),
(60112, 2209, 0, 0, 0),
(60113, 0, 2202, 2203, 2206),
(60114, 0, 2207, 2208, 2209),
(60115, 0, 2202, 2206, 2208),
(60201, 0, 2209, 2208, 2207),
(60202, 2101, 0, 0, 0),
(60203, 0, 2206, 2203, 2202),
(60204, 2104, 0, 0, 0),
(60205, 0, 2202, 2203, 2206),
(60206, 2101, 0, 0, 0),
(60207, 0, 2207, 2208, 2209),
(60208, 2104, 0, 0, 0),
(60209, 0, 2202, 2203, 2206),
(60210, 2202, 0, 0, 0),
(60211, 0, 2207, 2208, 2209),
(60212, 2203, 0, 0, 0),
(60213, 0, 2202, 2203, 2206),
(60214, 2206, 0, 0, 0),
(60216, 0, 2207, 2208, 2209),
(60301, 2101, 0, 0, 0),
(60302, 2104, 0, 0, 0),
(60303, 2101, 0, 0, 0),
(60304, 2104, 0, 0, 0),
(60305, 0, 2202, 2206, 2208),
(60306, 0, 2202, 2207, 2208),
(60307, 0, 2203, 2207, 2209),
(60308, 2101, 0, 0, 0),
(60309, 0, 2208, 2207, 2209),
(60310, 2202, 0, 0, 0),
(60311, 2203, 0, 0, 0),
(60312, 2206, 0, 0, 0),
(60313, 2207, 0, 0, 0),
(60314, 2208, 0, 0, 0),
(60315, 2209, 0, 0, 0),
(70101, 1202, 0, 0, 0),
(70102, 1106, 0, 0, 0),
(70103, 1203, 0, 0, 0),
(70104, 0, 1205, 1208, 1209),
(70105, 0, 1209, 1205, 1203),
(70106, 0, 1207, 1205, 1202),
(70107, 1207, 0, 0, 0),
(70108, 1208, 0, 0, 0),
(70109, 1106, 0, 0, 0),
(70110, 1106, 0, 0, 0),
(70111, 1106, 0, 0, 0),
(70112, 0, 1208, 1209, 1207),
(70113, 0, 1205, 1202, 1209),
(70114, 1104, 0, 0, 0),
(70115, 1209, 0, 0, 0),
(70201, 1104, 0, 0, 0),
(70202, 1205, 0, 0, 0),
(70203, 1106, 0, 0, 0),
(70204, 0, 1205, 1207, 1202),
(70205, 1208, 0, 0, 0),
(70206, 0, 1208, 1209, 1207),
(70207, 0, 1207, 1208, 1209),
(70208, 0, 1205, 1202, 1203),
(70209, 1202, 0, 0, 0),
(70210, 1203, 0, 0, 0),
(70211, 1104, 0, 0, 0),
(70212, 0, 1208, 1205, 1203),
(70213, 1209, 0, 0, 0),
(70214, 1207, 0, 0, 0),
(70215, 0, 1209, 1202, 1207),
(70301, 1104, 0, 0, 0),
(70302, 1106, 0, 0, 0),
(70303, 1202, 0, 0, 0),
(70304, 1203, 0, 0, 0),
(70305, 1205, 0, 0, 0),
(70306, 1207, 0, 0, 0),
(70307, 1208, 0, 0, 0),
(70308, 1209, 0, 0, 0),
(70309, 0, 1205, 1202, 1203),
(70310, 0, 1205, 1207, 1208),
(70311, 0, 1209, 1202, 1203),
(70312, 0, 1205, 1207, 1208),
(70313, 0, 1209, 1202, 1203),
(70314, 0, 1205, 1207, 1208),
(70315, 1106, 0, 0, 0);

-- --------------------------------------------------------

--
-- 資料表結構 `students`
--

CREATE TABLE `students` (
  `sid` int(11) NOT NULL,
  `grade` int(255) NOT NULL,
  `class` int(255) NOT NULL,
  `number` int(255) NOT NULL,
  `name` varchar(256) COLLATE utf8_unicode_ci NOT NULL
) ENGINE=InnoDB DEFAULT CHARSET=utf8 COLLATE=utf8_unicode_ci;

--
-- 傾印資料表的資料 `students`
--

INSERT INTO `students` (`sid`, `grade`, `class`, `number`, `name`) VALUES
(60101, 2, 201, 1, '王浩羽'),
(60102, 2, 201, 2, '何愷倫'),
(60103, 2, 201, 3, '吳博穎'),
(60104, 2, 201, 4, '林子翔'),
(60105, 2, 201, 5, '孫啟揚'),
(60106, 2, 201, 6, '張楷研'),
(60107, 2, 201, 7, '郭亦偵'),
(60108, 2, 201, 8, '郭亭澤'),
(60109, 2, 201, 9, '陳君威'),
(60110, 2, 201, 10, '陳其聖'),
(60111, 2, 201, 11, '陳昱佑'),
(60112, 2, 201, 12, '陳樹緣'),
(60113, 2, 201, 13, '傅昱銨'),
(60114, 2, 201, 14, '黃鼎淯'),
(60115, 2, 201, 15, '劉耕宏'),
(60201, 2, 202, 1, '吳冠穎'),
(60202, 2, 202, 2, '吳微亨'),
(60203, 2, 202, 3, '李俞霆'),
(60204, 2, 202, 4, '李銘家'),
(60205, 2, 202, 5, '汪柏亦'),
(60206, 2, 202, 6, '林振廷'),
(60207, 2, 202, 7, '康展浩'),
(60208, 2, 202, 8, '梁鈞瑞'),
(60209, 2, 202, 9, '郭秉翰'),
(60210, 2, 202, 10, '陳立翰'),
(60211, 2, 202, 11, '陳奕安'),
(60212, 2, 202, 12, '黃竑諭'),
(60213, 2, 202, 13, '黃浩庭'),
(60214, 2, 202, 14, '黃凱揚'),
(60216, 2, 202, 16, '蔡嘉宸'),
(60301, 2, 203, 1, '方棋威'),
(60302, 2, 203, 2, '李季耘'),
(60303, 2, 203, 3, '李冠毅'),
(60304, 2, 203, 4, '林廷融'),
(60305, 2, 203, 5, '林暐軒'),
(60306, 2, 203, 6, '馬永祈'),
(60307, 2, 203, 7, '張珺崴'),
(60308, 2, 203, 8, '莊晉安'),
(60309, 2, 203, 9, '陳弘勳'),
(60310, 2, 203, 10, '陳永璿'),
(60311, 2, 203, 11, '陳冠中'),
(60312, 2, 203, 12, '黃民瀚'),
(60313, 2, 203, 13, '葉沐鑫'),
(60314, 2, 203, 14, '葉建億'),
(60315, 2, 203, 15, '蔡東翰'),
(70101, 1, 101, 1, '何至寅'),
(70102, 1, 101, 2, '何冠穎'),
(70103, 1, 101, 3, '吳宏傑'),
(70104, 1, 101, 4, '施竹惟'),
(70105, 1, 101, 5, '孫沛志'),
(70106, 1, 101, 6, '孫育均'),
(70107, 1, 101, 7, '張孛瑟'),
(70108, 1, 101, 8, '莊鎧豪'),
(70109, 1, 101, 9, '郭子銘'),
(70110, 1, 101, 10, '陳宇桓'),
(70111, 1, 101, 11, '陳堉騰'),
(70112, 1, 101, 12, '陳翊凱'),
(70113, 1, 101, 13, '黃翔'),
(70114, 1, 101, 14, '黃睿宏'),
(70115, 1, 101, 15, '楊胤辰'),
(70201, 1, 102, 1, '王冠予'),
(70202, 1, 102, 2, '王壹弘'),
(70203, 1, 102, 3, '吳孟修'),
(70204, 1, 102, 4, '杜承翰'),
(70205, 1, 102, 5, '洪愷均'),
(70206, 1, 102, 6, '洪維駿'),
(70207, 1, 102, 7, '張彥堯'),
(70208, 1, 102, 8, '張博彥'),
(70209, 1, 102, 9, '黃冠?'),
(70210, 1, 102, 10, '黃晟晏'),
(70211, 1, 102, 11, '蔡鈺賢'),
(70212, 1, 102, 12, '盧彥丞'),
(70213, 1, 102, 13, '鐘士鈞'),
(70214, 1, 102, 14, '王念筠'),
(70215, 1, 102, 15, '王敬慈'),
(70301, 1, 103, 1, '吳柏曄'),
(70302, 1, 103, 2, '林呈鴻'),
(70303, 1, 103, 3, '唐琳幃'),
(70304, 1, 103, 4, '翁瑞隆'),
(70305, 1, 103, 5, '高柏仁'),
(70306, 1, 103, 6, '郭晨昕'),
(70307, 1, 103, 7, '陶銘揚'),
(70308, 1, 103, 8, '景宥勳'),
(70309, 1, 103, 9, '黃予'),
(70310, 1, 103, 10, '楊博鈞'),
(70311, 1, 103, 11, '溫上儀'),
(70312, 1, 103, 12, '趙晉敏'),
(70313, 1, 103, 13, '劉庭佑'),
(70314, 1, 103, 14, '鄭煜嚴'),
(70315, 1, 103, 15, '簡定康');

-- --------------------------------------------------------

--
-- 資料表結構 `system`
--

CREATE TABLE `system` (
  `id` varchar(32) COLLATE utf8_unicode_ci NOT NULL,
  `value` varchar(32) COLLATE utf8_unicode_ci NOT NULL
) ENGINE=InnoDB DEFAULT CHARSET=utf8 COLLATE=utf8_unicode_ci;

--
-- 傾印資料表的資料 `system`
--

INSERT INTO `system` (`id`, `value`) VALUES
('CSenable', 'false'),
('definite_distributed', 'false'),
('display_result', 'false'),
('maxGCPN', '6'),
('selects_drew', 'false');

-- --------------------------------------------------------

--
-- 資料表結構 `users`
--

CREATE TABLE `users` (
  `account` varchar(255) COLLATE utf8_unicode_ci NOT NULL,
  `password` varchar(256) COLLATE utf8_unicode_ci NOT NULL,
  `name` varchar(256) COLLATE utf8_unicode_ci NOT NULL,
  `isAdmin` int(255) NOT NULL,
  `class` int(255) NOT NULL,
  `created` datetime NOT NULL
) ENGINE=InnoDB DEFAULT CHARSET=utf8 COLLATE=utf8_unicode_ci;

--
-- 傾印資料表的資料 `users`
--

INSERT INTO `users` (`account`, `password`, `name`, `isAdmin`, `class`, `created`) VALUES
('101', '9fa71ddfbe354766ca3b2ca3a7407693', '101', 0, 101, '2020-01-17 21:50:00'),
('202', '651ebfb7b81ebe25da68ed02861a6875', '202', 0, 202, '2020-01-17 21:50:00'),
('205', 'cab171446524479e50caeb6540f0ca96', '205', 0, 205, '2020-01-23 16:15:44'),
('admin', 'f1c27a30dae287cc7cf0fcf7d9416aee', '管理員', 1, -1, '2020-01-17 21:50:00'),
('test', '3444cc5124a33f4f73755aca854f341f', 'tester', 0, 101, '2020-01-17 21:50:00');

--
-- 已傾印資料表的索引
--

--
-- 資料表索引 `clubs`
--
ALTER TABLE `clubs`
  ADD PRIMARY KEY (`id`),
  ADD UNIQUE KEY `sort_id` (`sort_id`);

--
-- 資料表索引 `result`
--
ALTER TABLE `result`
  ADD PRIMARY KEY (`sid`);

--
-- 資料表索引 `selected`
--
ALTER TABLE `selected`
  ADD PRIMARY KEY (`class`);

--
-- 資料表索引 `selects`
--
ALTER TABLE `selects`
  ADD PRIMARY KEY (`sid`);

--
-- 資料表索引 `students`
--
ALTER TABLE `students`
  ADD PRIMARY KEY (`sid`);

--
-- 資料表索引 `system`
--
ALTER TABLE `system`
  ADD PRIMARY KEY (`id`);

--
-- 資料表索引 `users`
--
ALTER TABLE `users`
  ADD PRIMARY KEY (`account`);
COMMIT;

/*!40101 SET CHARACTER_SET_CLIENT=@OLD_CHARACTER_SET_CLIENT */;
/*!40101 SET CHARACTER_SET_RESULTS=@OLD_CHARACTER_SET_RESULTS */;
/*!40101 SET COLLATION_CONNECTION=@OLD_COLLATION_CONNECTION */;
